-- phpMyAdmin SQL Dump
-- version 3.3.9
-- http://www.phpmyadmin.net
--
-- Host: localhost
-- Generation Time: Feb 06, 2014 at 04:08 PM
-- Server version: 5.5.8
-- PHP Version: 5.3.5

SET SQL_MODE="NO_AUTO_VALUE_ON_ZERO";


/*!40101 SET @OLD_CHARACTER_SET_CLIENT=@@CHARACTER_SET_CLIENT */;
/*!40101 SET @OLD_CHARACTER_SET_RESULTS=@@CHARACTER_SET_RESULTS */;
/*!40101 SET @OLD_COLLATION_CONNECTION=@@COLLATION_CONNECTION */;
/*!40101 SET NAMES utf8 */;

--
-- Database: `ceyadz`
--
-- CREATE DATABASE `ceyadz` DEFAULT CHARACTER SET latin1 COLLATE latin1_swedish_ci;
-- USE `ceyadz`;

-- --------------------------------------------------------

--
-- Table structure for table `advertisement`
--

CREATE TABLE IF NOT EXISTS `advertisement` (
  `adv_id` int(6) unsigned zerofill NOT NULL DEFAULT '000000',
  `adv_title` varchar(255) NOT NULL,
  `adv_price` double(10,2) NOT NULL,
  `adv_catagory` varchar(50) NOT NULL,
  `adv_sub_category` varchar(255) NOT NULL,
  `adv_img_tmp` varchar(255) NOT NULL,
  `adv_img_path` varchar(255) NOT NULL,
  `adv_img_url` varchar(255) NOT NULL,
  `adv_short_desc` varchar(255) NOT NULL,
  `adv_long_desc` varchar(255) NOT NULL,
  `adv_pub_date` datetime NOT NULL,
  `adv_exp_date` datetime NOT NULL,
  `adv_extensions` int(11) NOT NULL COMMENT 'number of extensions requested. One extension is for two weeks',
  `adv_status` set('Failed','Email Sent','Confirmed','Activated','Expired','Disabled') NOT NULL,
  `pub_name` varchar(255) NOT NULL,
  `pub_email` varchar(255) NOT NULL,
  `pub_phone` varchar(255) NOT NULL,
  `pub_phone_state` varchar(255) NOT NULL,
  `pub_district` varchar(255) NOT NULL,
  `pub_city` varchar(255) NOT NULL,
  `conf_key` varchar(255) NOT NULL,
  `del_key` varchar(255) NOT NULL,
  `upd_key` varchar(255) NOT NULL
) ENGINE=InnoDB DEFAULT CHARSET=latin1;

--
-- Dumping data for table `advertisement`
--


-- --------------------------------------------------------

--
-- Table structure for table `area`
--

CREATE TABLE IF NOT EXISTS `area` (
  `area_id` int(11) NOT NULL AUTO_INCREMENT,
  `area_name` varchar(255) DEFAULT NULL,
  `dist_id` int(11) DEFAULT NULL,
  PRIMARY KEY (`area_id`)
) ENGINE=InnoDB  DEFAULT CHARSET=latin1 AUTO_INCREMENT=332 ;

--
-- Dumping data for table `area`
--

INSERT INTO `area` (`area_id`, `area_name`, `dist_id`) VALUES
(1, ' Dehiattakandiya', 1),
(2, ' Padiyathalawa', 1),
(3, ' Mahaoya', 1),
(4, ' Uhana', 1),
(5, ' Ampara', 1),
(6, ' Navithanveli', 1),
(7, ' Sammanthurai', 1),
(8, ' Kalmunai Tamil Division', 1),
(9, ' Kalmunai', 1),
(10, ' Sainthamarathu', 1),
(11, ' Karaitheevu', 1),
(12, ' Ninthavur', 1),
(13, ' Addalaichchenai', 1),
(14, ' Irakkamam', 1),
(15, ' Akkaraipattu', 1),
(16, ' Alayadiwembu', 1),
(17, ' Damana', 1),
(18, ' Thirukkovil', 1),
(19, ' Pottuvil', 1),
(20, ' Lahugala', 1),
(21, ' Padaviya', 2),
(22, ' Kebithigollewa', 2),
(23, ' Medawachchiya', 2),
(24, ' Mahawilachchiya', 2),
(25, ' Nuwaragam Palatha Central', 2),
(26, ' Rambewa', 2),
(27, ' Kahatagasdigiliya', 2),
(28, ' Horowpothana', 2),
(29, ' Galenbindunuwewa', 2),
(30, ' Mihinthale', 2),
(31, ' Nuwaragam Palatha East', 2),
(32, ' Nachchaduwa', 2),
(33, ' Nochchiyagama', 2),
(34, ' Rajanganaya', 2),
(35, ' Thambuttegama', 2),
(36, ' Thalawa', 2),
(37, ' Thirappane', 2),
(38, ' Kekirawa', 2),
(39, ' Palugaswewa', 2),
(40, ' Ipalogama', 2),
(41, ' Galnewa', 2),
(42, ' Palagala', 2),
(43, ' Mahiyanganaya', 3),
(44, ' Rideemaliyadda', 3),
(45, ' Meegahakivula', 3),
(46, ' Kandaketiya', 3),
(47, ' Soranathota', 3),
(48, ' Passara', 3),
(49, ' Lunugala', 3),
(50, ' Badulla', 3),
(51, ' Hali-Ela', 3),
(52, ' Uva Paranagama', 3),
(53, ' Welimada', 3),
(54, ' Bandarawela', 3),
(55, ' Ella', 3),
(56, ' Haputale', 3),
(57, ' Haldummulla', 3),
(58, ' Koralai Pattu North (Vaharai)', 4),
(59, ' Koralai Pattu Central', 4),
(60, ' Koralai Pattu West (Oddamavadi)', 4),
(61, ' Koralai Pattu (Valachchenai)', 4),
(62, ' Koralai Pattu South (Kiran)', 4),
(63, ' Eravur Pattu', 4),
(64, ' Eravur Town', 4),
(65, ' Manmunai North', 4),
(66, ' Manmunai West', 4),
(67, ' Kattankudy', 4),
(68, ' Manmunai Pattu (Araipattai)', 4),
(69, ' Manmunai South-West', 4),
(70, ' Poratheevu Pattu', 4),
(71, ' Manmunai South & Eruvil Pattu', 4),
(72, ' Colombo', 5),
(73, ' Kolonnawa', 5),
(74, ' Kaduwela', 5),
(75, ' Homagama', 5),
(76, ' Seethawaka', 5),
(77, ' Padukka', 5),
(78, ' Maharagama', 5),
(79, ' Sri Jayawardanapura Kotte', 5),
(80, ' Thimbirigasyaya', 5),
(81, ' Dehiwala', 5),
(82, ' Rathmalana', 5),
(83, ' Moratuwa', 5),
(84, ' Kesbewa', 5),
(85, ' Benthota', 6),
(86, ' Balapitiya', 6),
(87, ' Karandeniya', 6),
(88, ' Elpitiya', 6),
(89, ' Niyagama', 6),
(90, ' Thawalama', 6),
(91, ' Neluwa', 6),
(92, ' Nagoda', 6),
(93, ' Baddegama', 6),
(94, ' Welivitiya-Divithura', 6),
(95, ' Ambalangoda', 6),
(96, ' Gonapeenuwala', 6),
(97, ' Hikkaduwa', 6),
(98, ' Galle Four Gravets', 6),
(99, ' Bope-Poddala', 6),
(100, ' Akmeemana', 6),
(101, ' Yakkalamulla', 6),
(102, ' Imaduwa', 6),
(103, ' Habaraduwa', 6),
(104, ' Negombo', 7),
(105, ' Katana', 7),
(106, ' Divulapitiya', 7),
(107, ' Mirigama', 7),
(108, ' Minuwangoda', 7),
(109, ' Wattala', 7),
(110, ' Ja-Ela', 7),
(111, ' Gampaha', 7),
(112, ' Attanagalla', 7),
(113, ' Dompe', 7),
(114, ' Mahara', 7),
(115, ' Kelaniya', 7),
(116, ' Biyagama', 7),
(117, ' Sooriyawewa', 8),
(118, ' Lunugamvehera', 8),
(119, ' Thissamaharama', 8),
(120, ' Hambantota', 8),
(121, ' Ambalantota', 8),
(122, ' Angunakolapelessa', 8),
(123, ' Weeraketiya', 8),
(124, ' Katuwana', 8),
(125, ' Walasmulla', 8),
(126, ' Okewela', 8),
(127, ' Beliatta', 8),
(128, ' Tangalle', 8),
(129, ' Island North (Kayts)', 9),
(130, ' Karainagar', 9),
(131, ' Valikamam West (Chankanai)', 9),
(132, ' Valikamam South-West (Sandilipay)', 9),
(133, ' Valikamam North', 9),
(134, ' Valikamam South (Uduvil)', 9),
(135, ' Valikamam East (Kopay)', 9),
(136, ' Vadamarachchy South-West (Karaveddy)', 9),
(137, ' Vadamarachchy East', 9),
(138, ' Vadamarachchy North (Point Pedro)', 9),
(139, ' Thenmarachchy (Chavakachcheri)', 9),
(140, ' Nallur', 9),
(141, ' Jaffna', 9),
(142, ' Island South (Velanai)', 9),
(143, ' Delft', 9),
(144, ' Panadura', 10),
(145, ' Bandaragama', 10),
(146, ' Horana', 10),
(147, ' Ingiriya', 10),
(148, ' Bulathsinhala', 10),
(149, ' Madurawala', 10),
(150, ' Millaniya', 10),
(151, ' Kalutara', 10),
(152, ' Beruwala', 10),
(153, ' Dodangoda', 10),
(154, ' Mathugama', 10),
(155, ' Agalawatta', 10),
(156, ' Palindanuwara', 10),
(157, ' Walallavita', 10),
(158, ' Thumpane', 11),
(159, ' Pujapitiya', 11),
(160, ' Akurana', 11),
(161, ' Pathadumbara', 11),
(162, ' Panvila', 11),
(163, ' Udadumbara', 11),
(164, ' Minipe', 11),
(165, ' Medadumbara', 11),
(166, ' Kundasale', 11),
(167, ' Kandy Four Gravets & Gangawata Korale', 11),
(168, ' Harispattuwa', 11),
(169, ' Hatharaliyadda', 11),
(170, ' Yatinuwara', 11),
(171, ' Udunuwara', 11),
(172, ' Doluwa', 11),
(173, ' Pathahewaheta', 11),
(174, ' Delthota', 11),
(175, ' Udapalatha', 11),
(176, ' Ganga Ihala Korale', 11),
(177, ' Pasbage Korale', 11),
(178, ' Rambukkana', 12),
(179, ' Mawanella', 12),
(180, ' Aranayaka', 12),
(181, ' Kegalle', 12),
(182, ' Galigamuwa', 12),
(183, ' Warakapola', 12),
(184, ' Ruwanwella', 12),
(185, ' Bulathkohupitiya', 12),
(186, ' Yatiyanthota', 12),
(187, ' Dehiovita', 12),
(188, ' Deraniyagala', 12),
(189, ' Pachchilaipalli', 13),
(190, ' Kandavalai', 13),
(191, ' Karachchi', 13),
(192, ' Poonakary', 13),
(193, ' Giribawa', 14),
(194, ' Galgamuwa', 14),
(195, ' Ehetuwewa', 14),
(196, ' Ambanpola', 14),
(197, ' Kotavehera', 14),
(198, ' Rasnayakapura', 14),
(199, ' Nikaweratiya', 14),
(200, ' Maho', 14),
(201, ' Polpithigama', 14),
(202, ' Ibbagamuwa', 14),
(203, ' Ganewatta', 14),
(204, ' Wariyapola', 14),
(205, ' Kobeigane', 14),
(206, ' Bingiriya', 14),
(207, ' Panduwasnuwara West', 14),
(208, ' Panduwasnuwara East', 14),
(209, ' Bamunakotuwa', 14),
(210, ' Maspotha', 14),
(211, ' Kurunegala', 14),
(212, ' Mallawapitiya', 14),
(213, ' Mawathagama', 14),
(214, ' Ridigama', 14),
(215, ' Weerambugedara', 14),
(216, ' Kuliyapitiya East', 14),
(217, ' Kuliyapitiya West', 14),
(218, ' Udubaddawa', 14),
(219, ' Pannala', 14),
(220, ' Narammala', 14),
(221, ' Alawwa', 14),
(222, ' Polgahawela', 14),
(223, ' Mannar Town', 15),
(224, ' Manthai West', 15),
(225, ' Madhu', 15),
(226, ' Nanaddan', 15),
(227, ' Musali', 15),
(228, ' Galewela', 16),
(229, ' Dambulla', 16),
(230, ' Naula', 16),
(231, ' Pallepola', 16),
(232, ' Yatawatta', 16),
(233, ' Matale', 16),
(234, ' Ambanganga Korale', 16),
(235, ' Laggala-Pallegama', 16),
(236, ' Wilgamuwa', 16),
(237, ' Rattota', 16),
(238, ' Ukuwela', 16),
(239, ' Pitabeddara', 17),
(240, ' Kotapola', 17),
(241, ' Pasgoda', 17),
(242, ' Mulatiyana', 17),
(243, ' Athuraliya', 17),
(244, ' Akuressa', 17),
(245, ' Welipitiya', 17),
(246, ' Malimbada', 17),
(247, ' Kamburupitiya', 17),
(248, ' Hakmana', 17),
(249, ' Kirinda Puhulwella', 17),
(250, ' Thihagoda', 17),
(251, ' Weligama', 17),
(252, ' Matara Four Gravets', 17),
(253, ' Devinuwara', 17),
(254, ' Dickwella', 17),
(255, ' Bibile', 18),
(256, ' Madulla', 18),
(257, ' Medagama', 18),
(258, ' Siyambalanduwa', 18),
(259, ' Moneragala', 18),
(260, ' Badalkumbura', 18),
(261, ' Wellawaya', 18),
(262, ' Buttala', 18),
(263, ' Katharagama', 18),
(264, ' Thanamalvila', 18),
(265, ' Sevanagala', 18),
(266, ' Thunukkai', 19),
(267, ' Manthai East', 19),
(268, ' Puthukudiyiruppu', 19),
(269, ' Oddusuddan', 19),
(270, ' Maritimepattu', 19),
(271, ' Welioya', 19),
(272, ' Kothmale', 20),
(273, ' Hanguranketha', 20),
(274, ' Walapane', 20),
(275, ' Nuwara Eliya', 20),
(276, ' Ambagamuwa', 20),
(277, ' Hingurakgoda', 21),
(278, ' Medirigiriya', 21),
(279, ' Lankapura', 21),
(280, ' Welikanda', 21),
(281, ' Dimbulagala', 21),
(282, ' Thamankaduwa', 21),
(283, ' Elahera', 21),
(284, ' Kalpitiya', 22),
(285, ' Wanathavilluwa', 22),
(286, ' Karuwalagaswewa', 22),
(287, ' Nawagattegama', 22),
(288, ' Puttalam', 22),
(289, ' Mundal', 22),
(290, ' Mahakumbukkadawala', 22),
(291, ' Anamaduwa', 22),
(292, ' Pallama', 22),
(293, ' Arachchikattuwa', 22),
(294, ' Chilaw', 22),
(295, ' Madampe', 22),
(296, ' Mahawewa', 22),
(297, ' Nattandiya', 22),
(298, ' Wennappuwa', 22),
(299, ' Dankotuwa', 22),
(300, ' Eheliyagoda', 23),
(301, ' Kuruvita', 23),
(302, ' Kiriella', 23),
(303, ' Ratnapura', 23),
(304, ' Imbulpe', 23),
(305, ' Balangoda', 23),
(306, ' Opanayake', 23),
(307, ' Pelmadulla', 23),
(308, ' Elapatha', 23),
(309, ' Ayagama', 23),
(310, ' Kalawana', 23),
(311, ' Nivithigala', 23),
(312, ' Kahawatta', 23),
(313, ' Godakawela', 23),
(314, ' Weligepola', 23),
(315, ' Embilipitiya', 23),
(316, ' Kolonna', 23),
(317, ' Padavi Sri Pura', 24),
(318, ' Kuchchaveli', 24),
(319, ' Gomarankadawala', 24),
(320, ' Morawewa', 24),
(321, ' Trincomalee Town and Gravets', 24),
(322, ' Thambalagamuwa', 24),
(323, ' Kanthale', 24),
(324, ' Kinniya', 24),
(325, ' Muttur', 24),
(326, ' Seruvila', 24),
(327, ' Verugal Eachchalampattu', 24),
(328, ' Vavuniya North', 25),
(329, ' Vavuniya South', 25),
(330, ' Vavuniya', 25),
(331, ' Vengalacheddikulam', 25);

-- --------------------------------------------------------

--
-- Table structure for table `category`
--

CREATE TABLE IF NOT EXISTS `category` (
  `cat_id` int(11) NOT NULL AUTO_INCREMENT,
  `cat_name` varchar(255) NOT NULL,
  `short_name` varchar(50) DEFAULT NULL,
  `rel_cat` varchar(255) NOT NULL,
  `sort_order` int(11) DEFAULT NULL,
  PRIMARY KEY (`cat_id`),
  UNIQUE KEY `cat_name` (`cat_name`)
) ENGINE=InnoDB  DEFAULT CHARSET=latin1 AUTO_INCREMENT=21 ;

--
-- Dumping data for table `category`
--

INSERT INTO `category` (`cat_id`, `cat_name`, `short_name`, `rel_cat`, `sort_order`) VALUES
(1, 'Antiques', NULL, '', NULL),
(2, 'Art', NULL, '', NULL),
(3, 'Baby', NULL, '', NULL),
(4, 'Books', NULL, '', NULL),
(5, 'Business & Industrial', 'Jobs', '', 6),
(6, 'Cameras & photos', NULL, '', NULL),
(7, 'Cell Phones & Accessories', 'Phones', '', 2),
(8, 'Clothing & Accessories', 'Fashion', '', 5),
(9, 'Computers & Networking', 'Computers', '', 3),
(10, 'Consumer Electronics', 'Electronics', '', 4),
(11, 'Craft', NULL, '', NULL),
(12, 'DVDs & Movies', NULL, '', NULL),
(13, 'Health & Beauty', NULL, '', NULL),
(14, 'Home & Garden', 'Home & Outdoor', '', NULL),
(15, 'Jewelry & Watches', 'Fashion', '', 5),
(16, 'Music', NULL, '', NULL),
(17, 'Musical Instruments & Gear', NULL, '', NULL),
(18, 'Pet Supplies', NULL, '', NULL),
(19, 'Vehicles', 'Vehicles', '', 1),
(20, 'Wedding', 'Wedding', '', 7);

-- --------------------------------------------------------

--
-- Table structure for table `district`
--

CREATE TABLE IF NOT EXISTS `district` (
  `dist_id` int(11) NOT NULL AUTO_INCREMENT,
  `dist_name` varchar(255) DEFAULT NULL,
  PRIMARY KEY (`dist_id`),
  UNIQUE KEY `dist_name` (`dist_name`)
) ENGINE=InnoDB  DEFAULT CHARSET=latin1 AUTO_INCREMENT=26 ;

--
-- Dumping data for table `district`
--

INSERT INTO `district` (`dist_id`, `dist_name`) VALUES
(1, ' Ampara'),
(2, ' Anuradhapura'),
(3, ' Badulla'),
(4, ' Batticaloa'),
(5, ' Colombo'),
(6, ' Galle'),
(7, ' Gampaha'),
(8, ' Hambantota '),
(9, ' Jaffna'),
(10, ' Kalutara'),
(11, ' Kandy'),
(12, ' Kegalle'),
(13, ' Killinochchi'),
(14, ' Kurunegala'),
(15, ' Mannar'),
(16, ' Matale'),
(17, ' Matara'),
(18, ' Moneragala'),
(19, ' Mullaitivu'),
(20, ' Nuwara Eliya'),
(21, ' Polonnaruwa'),
(22, ' Puttalam'),
(23, ' Ratnapura'),
(24, ' Trincomalee'),
(25, ' Vavuniya');

-- --------------------------------------------------------

--
-- Table structure for table `employee`
--

CREATE TABLE IF NOT EXISTS `employee` (
  `emp_no` varchar(5) NOT NULL,
  `name` varchar(40) NOT NULL,
  `email` varchar(40) NOT NULL,
  `phone` varchar(10) NOT NULL,
  `gender` enum('M','F') NOT NULL,
  `department` set('Accounts','Production','Sales','Transport') NOT NULL
) ENGINE=MyISAM DEFAULT CHARSET=latin1;

--
-- Dumping data for table `employee`
--

INSERT INTO `employee` (`emp_no`, `name`, `email`, `phone`, `gender`, `department`) VALUES
('em001', 'Kamal Karrnaratna', 'kamal@yahoo.coom', '0123456789', 'M', 'Accounts'),
('em002', 'Sajah', 'sajah@gmail.com', '0718110533', 'M', 'Sales'),
('em003', 'Kamla', 'kamal@yahoo.com', '0718456245', 'M', 'Transport'),
('em004', 'Leena', 'leena@yahoo.com', '0778456215', 'F', 'Accounts'),
('em909', '', '', '0777123456', '', 'Sales');

-- --------------------------------------------------------

--
-- Table structure for table `files`
--

CREATE TABLE IF NOT EXISTS `files` (
  `id` int(11) NOT NULL AUTO_INCREMENT,
  `filename` varchar(255) DEFAULT NULL,
  `title` varchar(100) DEFAULT NULL,
  PRIMARY KEY (`id`)
) ENGINE=InnoDB DEFAULT CHARSET=latin1 AUTO_INCREMENT=1 ;

--
-- Dumping data for table `files`
--


-- --------------------------------------------------------

--
-- Table structure for table `publisher`
--

CREATE TABLE IF NOT EXISTS `publisher` (
  `pub_id` int(11) NOT NULL AUTO_INCREMENT,
  `pub_fname` varchar(255) NOT NULL,
  `pub_lname` varchar(255) NOT NULL,
  `pub_email` varchar(255) NOT NULL,
  `pub_phone1` varchar(255) NOT NULL,
  `pub_phone2` varchar(255) NOT NULL,
  `pub_address` varchar(500) NOT NULL,
  `pub_joined` datetime NOT NULL,
  `pub_status` varchar(255) NOT NULL,
  `pub_rec_email` enum('Y','N') NOT NULL,
  `pub_rec_sms` enum('Y','N') NOT NULL,
  PRIMARY KEY (`pub_id`)
) ENGINE=InnoDB DEFAULT CHARSET=latin1 AUTO_INCREMENT=1 ;

--
-- Dumping data for table `publisher`
--


-- --------------------------------------------------------

--
-- Table structure for table `sub_category`
--

CREATE TABLE IF NOT EXISTS `sub_category` (
  `sub_cat_id` int(11) NOT NULL AUTO_INCREMENT,
  `sub_cat_name` varchar(255) NOT NULL,
  `short_name` varchar(50) DEFAULT NULL,
  `cat_id` int(11) DEFAULT NULL,
  `sort_order` int(11) DEFAULT NULL,
  PRIMARY KEY (`sub_cat_id`)
) ENGINE=InnoDB  DEFAULT CHARSET=latin1 AUTO_INCREMENT=279 ;

--
-- Dumping data for table `sub_category`
--

INSERT INTO `sub_category` (`sub_cat_id`, `sub_cat_name`, `short_name`, `cat_id`, `sort_order`) VALUES
(1, 'Antiquities', NULL, 1, NULL),
(2, 'Architectural & Garden', NULL, 1, NULL),
(3, 'Asian Antiques', NULL, 1, NULL),
(4, 'Books & Manuscripts', NULL, 1, NULL),
(5, 'Decorative Arts', NULL, 1, NULL),
(6, 'Ethnographic', NULL, 1, NULL),
(7, 'Furniture', NULL, 1, NULL),
(8, 'Home & Hearth', NULL, 1, NULL),
(9, 'Linens & Textiles (Pre-1930)', NULL, 1, NULL),
(10, 'Maps, Atlases & Globes', NULL, 1, NULL),
(11, 'Maritime', NULL, 1, NULL),
(12, 'Mercantile, Trades & Factories', NULL, 1, NULL),
(13, 'Musical Instruments (Pre-1930)', NULL, 1, NULL),
(14, 'Periods & Styles', NULL, 1, NULL),
(15, 'Primitives', NULL, 1, NULL),
(16, 'Restoration & Care', NULL, 1, NULL),
(17, 'Rugs & Carpets', NULL, 1, NULL),
(18, 'Science & Medicine (Pre-1930)', NULL, 1, NULL),
(19, 'Sewing (Pre-1930)', NULL, 1, NULL),
(20, 'Silver', NULL, 1, NULL),
(21, 'Reproduction Antiques', NULL, 1, NULL),
(22, 'Other', NULL, 1, NULL),
(23, 'Direct from the Artist', NULL, 2, NULL),
(24, 'Art from Dealers & Resellers', NULL, 2, NULL),
(25, 'Wholesale Lots', NULL, 2, NULL),
(26, 'Baby Gear', NULL, 3, NULL),
(27, 'Baby Safety & Health', NULL, 3, NULL),
(28, 'Bathing & Grooming', NULL, 3, NULL),
(29, 'Car Safety Seats', NULL, 3, NULL),
(30, 'Diapering', NULL, 3, NULL),
(31, 'Feeding', NULL, 3, NULL),
(32, 'Keepsakes & Baby Announcements', NULL, 3, NULL),
(33, 'Nursery Bedding', NULL, 3, NULL),
(34, 'Nursery Decor', NULL, 3, NULL),
(35, 'Nursery Furniture', NULL, 3, NULL),
(36, 'Potty Training', NULL, 3, NULL),
(37, 'Strollers', NULL, 3, NULL),
(38, 'Stroller Accessories', NULL, 3, NULL),
(39, 'Toys for Baby', NULL, 3, NULL),
(40, 'Other', NULL, 3, NULL),
(41, 'Wholesale Lots', NULL, 3, NULL),
(42, 'Accessories', NULL, 4, NULL),
(43, 'Antiquarian & Collectible', NULL, 4, NULL),
(44, 'Audiobooks', NULL, 4, NULL),
(45, 'Catalogs', NULL, 4, NULL),
(46, 'Children & Young Adults', NULL, 4, NULL),
(47, 'Cookbooks', NULL, 4, NULL),
(48, 'Fiction & Literature', NULL, 4, NULL),
(49, 'Magazine Back Issues', NULL, 4, NULL),
(50, 'Nonfiction', NULL, 4, NULL),
(51, 'Textbooks, Education', NULL, 4, NULL),
(52, 'Wholesale & Bulk Lots', NULL, 4, NULL),
(53, 'Other', NULL, 4, NULL),
(54, 'Agriculture & Forestry', NULL, 5, NULL),
(55, 'Businesses & Websites for Sale', NULL, 5, NULL),
(56, 'Construction', NULL, 5, NULL),
(57, 'Electrical & Test Equipment', NULL, 5, NULL),
(58, 'Fuel & Energy', NULL, 5, NULL),
(59, 'Healthcare, Lab & Life Science', NULL, 5, NULL),
(60, 'Industrial Supply & MRO', NULL, 5, NULL),
(61, 'Manufacturing & Metalworking', NULL, 5, NULL),
(62, 'Office', NULL, 5, NULL),
(63, 'Packing & Shipping', NULL, 5, NULL),
(64, 'Printing & Graphic Arts', NULL, 5, NULL),
(65, 'Restaurant & Catering', NULL, 5, NULL),
(66, 'Retail & Services', NULL, 5, NULL),
(67, 'Other', NULL, 5, NULL),
(68, 'Binoculars & Telescopes', NULL, 6, NULL),
(69, 'Camcorders', NULL, 6, NULL),
(70, 'Digital Cameras', NULL, 6, NULL),
(71, 'Camera & Photo Accessories', NULL, 6, NULL),
(72, 'Digital Photo Frames', NULL, 6, NULL),
(73, 'Photography', NULL, 6, NULL),
(74, 'Flashes & Flash Accessories', NULL, 6, NULL),
(75, 'Lenses & Filters', NULL, 6, NULL),
(76, 'Lighting & Studio', NULL, 6, NULL),
(77, 'Manuals & Guides', NULL, 6, NULL),
(78, 'Replacement Parts & Tools', NULL, 6, NULL),
(79, 'Tripods & Supports', NULL, 6, NULL),
(80, 'Video Production & Editing', NULL, 6, NULL),
(81, 'Professionals & Services', NULL, 6, NULL),
(82, 'Wholesale Lots', NULL, 6, NULL),
(83, 'Other', NULL, 6, NULL),
(84, 'Cell Phones & Smartphones', NULL, 7, NULL),
(85, 'Cell Phone Accessories', NULL, 7, NULL),
(86, 'Display Phones', NULL, 7, NULL),
(87, 'Phone Cards & SIM Cards', NULL, 7, NULL),
(88, 'Replacement Parts & Tools', NULL, 7, NULL),
(89, 'Wholesale Lots', NULL, 7, NULL),
(90, 'Other', NULL, 7, NULL),
(91, 'Baby & Toddler Clothing', NULL, 8, NULL),
(92, 'Kids'' Clothing, Shoes & Accs', NULL, 8, NULL),
(93, 'Costumes, Reenactment, Theater', NULL, 8, NULL),
(94, 'Cultural & Ethnic Clothing', NULL, 8, NULL),
(95, 'Dancewear', NULL, 8, NULL),
(96, 'Men''s Accessories', NULL, 8, NULL),
(97, 'Men''s Clothing', NULL, 8, NULL),
(98, 'Men''s Shoes', NULL, 8, NULL),
(99, 'Uniforms & Work Clothing', NULL, 8, NULL),
(100, 'Unisex Clothing, Shoes & Accs', NULL, 8, NULL),
(101, 'Wedding & Formal Occasion', NULL, 8, NULL),
(102, 'Women''s Accessories', NULL, 8, NULL),
(103, 'Women''s Clothing', NULL, 8, NULL),
(104, 'Women''s Handbags & Bags', NULL, 8, NULL),
(105, 'Women''s Shoes', NULL, 8, NULL),
(106, 'Professionals & Services', NULL, 8, NULL),
(107, 'Wholesale, Large & Small Lots', NULL, 8, NULL),
(108, 'iPads, Tablets & eBook Readers', NULL, 9, NULL),
(109, 'iPad/Tablet/eBook Accessories', NULL, 9, NULL),
(110, 'Laptops & Netbooks', NULL, 9, NULL),
(111, 'Desktops & All-In-Ones', NULL, 9, NULL),
(112, 'Laptop & Desktop Accessories', NULL, 9, NULL),
(113, 'Cables & Connectors', NULL, 9, NULL),
(114, 'Computer Components & Parts', NULL, 9, NULL),
(115, 'Drives, Storage & Blank Media', NULL, 9, NULL),
(116, 'Enterprise Networking, Servers', NULL, 9, NULL),
(117, 'Home Networking & Connectivity', NULL, 9, NULL),
(118, 'Keyboards, Mice & Pointing', NULL, 9, NULL),
(119, 'Monitors, Projectors & Accs', NULL, 9, NULL),
(120, 'Power Protection, Distribution', NULL, 9, NULL),
(121, 'Printers, Scanners & Supplies', NULL, 9, NULL),
(122, 'Software', NULL, 9, NULL),
(123, 'Manuals & Resources', NULL, 9, NULL),
(124, 'Professionals & Services', NULL, 9, NULL),
(125, 'Wholesale Lots', NULL, 9, NULL),
(126, 'Other', NULL, 9, NULL),
(127, 'Portable Audio & Headphones', NULL, 10, NULL),
(128, 'TV, Video & Home Audio', NULL, 10, NULL),
(129, 'Vehicle Electronics & GPS', NULL, 10, NULL),
(130, 'Home Automation', NULL, 10, NULL),
(131, 'Home Surveillance', NULL, 10, NULL),
(132, 'Home Telephones', NULL, 10, NULL),
(133, 'Multipurpose Batteries & Power', NULL, 10, NULL),
(134, 'Radio Communication', NULL, 10, NULL),
(135, 'Gadgets & Other Electronics', NULL, 10, NULL),
(136, 'Professionals & Services', NULL, 10, NULL),
(137, 'Wholesale Lots', NULL, 10, NULL),
(138, 'Art Supplies', NULL, 11, NULL),
(139, 'Beads & Jewelry Making', NULL, 11, NULL),
(140, 'Glass & Mosaics', NULL, 11, NULL),
(141, 'Handcrafted & Finished Pieces', NULL, 11, NULL),
(142, 'Home Arts & Crafts', NULL, 11, NULL),
(143, 'Kids'' Crafts', NULL, 11, NULL),
(144, 'Multi-Purpose Craft Supplies', NULL, 11, NULL),
(145, 'Needlecrafts & Yarn', NULL, 11, NULL),
(146, 'Scrapbooking & Paper Crafts', NULL, 11, NULL),
(147, 'Sewing & Fabric', NULL, 11, NULL),
(148, 'Dolls & Bears', NULL, 11, NULL),
(149, 'Stamping & Embossing', NULL, 11, NULL),
(150, 'Other Crafts', NULL, 11, NULL),
(151, 'Wholesale Lots', NULL, 11, NULL),
(152, 'DVDs & Blu-ray Discs', NULL, 12, NULL),
(153, 'Film Stock', NULL, 12, NULL),
(154, 'Laserdiscs', NULL, 12, NULL),
(155, 'UMDs', NULL, 12, NULL),
(156, 'VHS Tapes', NULL, 12, NULL),
(157, 'Other Formats', NULL, 12, NULL),
(158, 'Storage & Media Accessories', NULL, 12, NULL),
(159, 'Wholesale Lots', NULL, 12, NULL),
(160, 'Bath & Body', NULL, 13, NULL),
(161, 'Professionals & Services', NULL, 13, NULL),
(162, 'Dietary Supplements, Nutrition', NULL, 13, NULL),
(163, 'Fragrances', NULL, 13, NULL),
(164, 'Hair Care & Salon', NULL, 13, NULL),
(165, 'Health Care', NULL, 13, NULL),
(166, 'Makeup', NULL, 13, NULL),
(167, 'Massage', NULL, 13, NULL),
(168, 'Medical, Mobility & Disability', NULL, 13, NULL),
(169, 'Nail Care & Polish', NULL, 13, NULL),
(170, 'Natural & Homeopathic Remedies', NULL, 13, NULL),
(171, 'Oral Care', NULL, 13, NULL),
(172, 'Over-the-Counter Medicine', NULL, 13, NULL),
(173, 'Shaving & Hair Removal', NULL, 13, NULL),
(174, 'Skin Care', NULL, 13, NULL),
(175, 'Tanning Beds & Lamps', NULL, 13, NULL),
(176, 'Tattoos & Body Art', NULL, 13, NULL),
(177, 'Vision Care', NULL, 13, NULL),
(178, 'Weight Management', NULL, 13, NULL),
(179, 'Wholesale Lots', NULL, 13, NULL),
(180, 'Other', NULL, 13, NULL),
(181, 'Bath', NULL, 14, NULL),
(182, 'Bedding', NULL, 14, NULL),
(183, 'Food & Beverages', NULL, 14, NULL),
(184, 'Furniture', NULL, 14, NULL),
(185, 'Holidays, Cards & Party Supply', NULL, 14, NULL),
(186, 'Home Decor', NULL, 14, NULL),
(187, 'Home Improvement', NULL, 14, NULL),
(188, 'Housekeeping & Organization', NULL, 14, NULL),
(189, 'Kids & Teens at Home', NULL, 14, NULL),
(190, 'Kitchen, Dining & Bar', NULL, 14, NULL),
(191, 'Lamps, Lighting & Ceiling Fans', NULL, 14, NULL),
(192, 'Major Appliances', NULL, 14, NULL),
(193, 'Rugs & Carpets', NULL, 14, NULL),
(194, 'Tools', NULL, 14, NULL),
(195, 'Window Treatments & Hardware', NULL, 14, NULL),
(196, 'Yard, Garden & Outdoor Living', NULL, 14, NULL),
(197, 'Wholesale Lots', NULL, 14, NULL),
(198, 'Other', NULL, 14, NULL),
(199, 'Children''s Jewelry', NULL, 15, NULL),
(200, 'Engagement & Wedding', NULL, 15, NULL),
(201, 'Ethnic, Regional & Tribal', NULL, 15, NULL),
(202, 'Fashion Jewelry', NULL, 15, NULL),
(203, 'Fine Jewelry', NULL, 15, NULL),
(204, 'Handcrafted, Artisan Jewelry', NULL, 15, NULL),
(205, 'Jewelry Boxes & Organizers', NULL, 15, NULL),
(206, 'Jewelry Design & Repair', NULL, 15, NULL),
(207, 'Loose Beads', NULL, 15, NULL),
(208, 'Loose Diamonds & Gemstones', NULL, 15, NULL),
(209, 'Men''s Jewelry', NULL, 15, NULL),
(210, 'Professionals & Services', NULL, 15, NULL),
(211, 'Watches', NULL, 15, NULL),
(212, 'Other', NULL, 15, NULL),
(213, 'Wholesale Lots', NULL, 15, NULL),
(214, 'Groups & Bands', NULL, 16, NULL),
(215, 'CDs', NULL, 16, NULL),
(216, 'Records', NULL, 16, NULL),
(217, 'Other Formats', NULL, 16, NULL),
(218, 'Storage & Media Accessories', NULL, 16, NULL),
(219, 'Wholesale Lots', NULL, 16, NULL),
(220, 'Accordion & Concertina', NULL, 17, NULL),
(221, 'Brass', NULL, 17, NULL),
(222, 'Electronic Instruments', NULL, 17, NULL),
(223, 'Equipment', NULL, 17, NULL),
(224, 'Guitar', NULL, 17, NULL),
(225, 'Harmonica', NULL, 17, NULL),
(226, 'Instruction Books, CDs & Video', NULL, 17, NULL),
(227, 'Karaoke Entertainment', NULL, 17, NULL),
(228, 'Percussion', NULL, 17, NULL),
(229, 'Piano & Organ', NULL, 17, NULL),
(230, 'Pro Audio Equipment', NULL, 17, NULL),
(231, 'Sheet Music & Song Books', NULL, 17, NULL),
(232, 'Stage Lighting & Effects', NULL, 17, NULL),
(233, 'String', NULL, 17, NULL),
(234, 'Woodwind', NULL, 17, NULL),
(235, 'Wholesale Lots', NULL, 17, NULL),
(236, 'Other', NULL, 17, NULL),
(237, 'Aquarium & Fish', NULL, 18, NULL),
(238, 'Bird Supplies', NULL, 18, NULL),
(239, 'Cat Supplies', NULL, 18, NULL),
(240, 'Dog Supplies', NULL, 18, NULL),
(241, 'Horse Supplies', NULL, 18, NULL),
(242, 'Reptile Supplies', NULL, 18, NULL),
(243, 'Small Animal Supplies', NULL, 18, NULL),
(244, 'Wholesale Lots', NULL, 18, NULL),
(245, 'Other', NULL, 18, NULL),
(246, 'Cars ', 'Cars', 19, 1),
(247, 'SUVs', 'SUVs', 19, 2),
(248, 'Vans', 'Vans', 19, 3),
(249, 'Trucks', 'Trucks', 19, 7),
(250, 'Buses', 'Buses', 19, 8),
(251, 'Threewheelers', '3 Wheelers', 19, 5),
(252, 'Motorcycles', 'Motorcycles', 19, 4),
(253, 'Bicycles', 'Bicycles', 19, 6),
(254, 'Other Vehicles & Trailers', 'Other vehicles', 19, 9),
(255, 'Boats', NULL, 19, NULL),
(256, 'Powersports', NULL, 19, NULL),
(257, 'Parts & Accessories', NULL, 19, NULL),
(258, 'Rent A Car Services', NULL, 19, NULL),
(259, 'Professionals & Services', NULL, 19, NULL),
(260, 'Other', NULL, 19, NULL),
(261, 'Wedding Décor', NULL, 20, NULL),
(262, 'Wedding Photographers', NULL, 20, NULL),
(263, 'Bridal Dressers', NULL, 20, NULL),
(264, 'Wedding out-Fits', NULL, 20, NULL),
(265, 'Wedding Videographers', NULL, 20, NULL),
(266, 'Wedding Stationary', NULL, 20, NULL),
(267, 'Wedding Music', NULL, 20, NULL),
(268, 'Wedding Reception Venues', NULL, 20, NULL),
(269, 'Honeymoon Locations', NULL, 20, NULL),
(270, 'Wedding Cultural Events', NULL, 20, NULL),
(271, 'Beauty-SPA', NULL, 20, NULL),
(272, 'Wedding Caterers', NULL, 20, NULL),
(273, 'Wedding Cars', NULL, 20, NULL),
(274, 'Mehandi designs', NULL, 20, NULL),
(275, 'Wedding Cake Structures', NULL, 20, NULL),
(276, 'Wedding Jewelleries', NULL, 20, NULL),
(277, 'Professionals & Services', NULL, 20, NULL),
(278, 'Other', NULL, 20, NULL);

-- --------------------------------------------------------

--
-- Table structure for table `temp`
--

CREATE TABLE IF NOT EXISTS `temp` (
  `cat_name` varchar(255) DEFAULT NULL,
  `sub_cat_name` varchar(255) DEFAULT NULL,
  `cat_id` int(11) DEFAULT NULL
) ENGINE=InnoDB DEFAULT CHARSET=latin1;

--
-- Dumping data for table `temp`
--

INSERT INTO `temp` (`cat_name`, `sub_cat_name`, `cat_id`) VALUES
('Antiques', 'Antiquities', 1),
('Antiques', 'Architectural & Garden', 1),
('Antiques', 'Asian Antiques', 1),
('Antiques', 'Books & Manuscripts', 1),
('Antiques', 'Decorative Arts', 1),
('Antiques', 'Ethnographic', 1),
('Antiques', 'Furniture', 1),
('Antiques', 'Home & Hearth', 1),
('Antiques', 'Linens & Textiles (Pre-1930)', 1),
('Antiques', 'Maps, Atlases & Globes', 1),
('Antiques', 'Maritime', 1),
('Antiques', 'Mercantile, Trades & Factories', 1),
('Antiques', 'Musical Instruments (Pre-1930)', 1),
('Antiques', 'Periods & Styles', 1),
('Antiques', 'Primitives', 1),
('Antiques', 'Restoration & Care', 1),
('Antiques', 'Rugs & Carpets', 1),
('Antiques', 'Science & Medicine (Pre-1930)', 1),
('Antiques', 'Sewing (Pre-1930)', 1),
('Antiques', 'Silver', 1),
('Antiques', 'Reproduction Antiques', 1),
('Antiques', 'Other', 1),
('Art', 'Direct from the Artist', 2),
('Art', 'Art from Dealers & Resellers', 2),
('Art', 'Wholesale Lots', 2),
('Baby', 'Baby Gear', 3),
('Baby', 'Baby Safety & Health', 3),
('Baby', 'Bathing & Grooming', 3),
('Baby', 'Car Safety Seats', 3),
('Baby', 'Diapering', 3),
('Baby', 'Feeding', 3),
('Baby', 'Keepsakes & Baby Announcements', 3),
('Baby', 'Nursery Bedding', 3),
('Baby', 'Nursery Decor', 3),
('Baby', 'Nursery Furniture', 3),
('Baby', 'Potty Training', 3),
('Baby', 'Strollers', 3),
('Baby', 'Stroller Accessories', 3),
('Baby', 'Toys for Baby', 3),
('Baby', 'Other', 3),
('Baby', 'Wholesale Lots', 3),
('Books', 'Accessories', 4),
('Books', 'Antiquarian & Collectible', 4),
('Books', 'Audiobooks', 4),
('Books', 'Catalogs', 4),
('Books', 'Children & Young Adults', 4),
('Books', 'Cookbooks', 4),
('Books', 'Fiction & Literature', 4),
('Books', 'Magazine Back Issues', 4),
('Books', 'Nonfiction', 4),
('Books', 'Textbooks, Education', 4),
('Books', 'Wholesale & Bulk Lots', 4),
('Books', 'Other', 4),
('Business & Industrial', 'Agriculture & Forestry', 5),
('Business & Industrial', 'Businesses & Websites for Sale', 5),
('Business & Industrial', 'Construction', 5),
('Business & Industrial', 'Electrical & Test Equipment', 5),
('Business & Industrial', 'Fuel & Energy', 5),
('Business & Industrial', 'Healthcare, Lab & Life Science', 5),
('Business & Industrial', 'Industrial Supply & MRO', 5),
('Business & Industrial', 'Manufacturing & Metalworking', 5),
('Business & Industrial', 'Office', 5),
('Business & Industrial', 'Packing & Shipping', 5),
('Business & Industrial', 'Printing & Graphic Arts', 5),
('Business & Industrial', 'Restaurant & Catering', 5),
('Business & Industrial', 'Retail & Services', 5),
('Business & Industrial', 'Other', 5),
('Cameras & photos', 'Binoculars & Telescopes', 6),
('Cameras & photos', 'Camcorders', 6),
('Cameras & photos', 'Digital Cameras', 6),
('Cameras & photos', 'Camera & Photo Accessories', 6),
('Cameras & photos', 'Digital Photo Frames', 6),
('Cameras & photos', 'Photography', 6),
('Cameras & photos', 'Flashes & Flash Accessories', 6),
('Cameras & photos', 'Lenses & Filters', 6),
('Cameras & photos', 'Lighting & Studio', 6),
('Cameras & photos', 'Manuals & Guides', 6),
('Cameras & photos', 'Replacement Parts & Tools', 6),
('Cameras & photos', 'Tripods & Supports', 6),
('Cameras & photos', 'Video Production & Editing', 6),
('Cameras & photos', 'Professionals & Services', 6),
('Cameras & photos', 'Wholesale Lots', 6),
('Cameras & photos', 'Other', 6),
('Cell Phones & Accessories', 'Cell Phones & Smartphones', 7),
('Cell Phones & Accessories', 'Cell Phone Accessories', 7),
('Cell Phones & Accessories', 'Display Phones', 7),
('Cell Phones & Accessories', 'Phone Cards & SIM Cards', 7),
('Cell Phones & Accessories', 'Replacement Parts & Tools', 7),
('Cell Phones & Accessories', 'Wholesale Lots', 7),
('Cell Phones & Accessories', 'Other', 7),
('Clothing & Accessories', 'Baby & Toddler Clothing', 8),
('Clothing & Accessories', 'Kids'' Clothing, Shoes & Accs', 8),
('Clothing & Accessories', 'Costumes, Reenactment, Theater', 8),
('Clothing & Accessories', 'Cultural & Ethnic Clothing', 8),
('Clothing & Accessories', 'Dancewear', 8),
('Clothing & Accessories', 'Men''s Accessories', 8),
('Clothing & Accessories', 'Men''s Clothing', 8),
('Clothing & Accessories', 'Men''s Shoes', 8),
('Clothing & Accessories', 'Uniforms & Work Clothing', 8),
('Clothing & Accessories', 'Unisex Clothing, Shoes & Accs', 8),
('Clothing & Accessories', 'Wedding & Formal Occasion', 8),
('Clothing & Accessories', 'Women''s Accessories', 8),
('Clothing & Accessories', 'Women''s Clothing', 8),
('Clothing & Accessories', 'Women''s Handbags & Bags', 8),
('Clothing & Accessories', 'Women''s Shoes', 8),
('Clothing & Accessories', 'Professionals & Services', 8),
('Clothing & Accessories', 'Wholesale, Large & Small Lots', 8),
('Computers & Networking', 'iPads, Tablets & eBook Readers', 9),
('Computers & Networking', 'iPad/Tablet/eBook Accessories', 9),
('Computers & Networking', 'Laptops & Netbooks', 9),
('Computers & Networking', 'Desktops & All-In-Ones', 9),
('Computers & Networking', 'Laptop & Desktop Accessories', 9),
('Computers & Networking', 'Cables & Connectors', 9),
('Computers & Networking', 'Computer Components & Parts', 9),
('Computers & Networking', 'Drives, Storage & Blank Media', 9),
('Computers & Networking', 'Enterprise Networking, Servers', 9),
('Computers & Networking', 'Home Networking & Connectivity', 9),
('Computers & Networking', 'Keyboards, Mice & Pointing', 9),
('Computers & Networking', 'Monitors, Projectors & Accs', 9),
('Computers & Networking', 'Power Protection, Distribution', 9),
('Computers & Networking', 'Printers, Scanners & Supplies', 9),
('Computers & Networking', 'Software', 9),
('Computers & Networking', 'Manuals & Resources', 9),
('Computers & Networking', 'Professionals & Services', 9),
('Computers & Networking', 'Wholesale Lots', 9),
('Computers & Networking', 'Other', 9),
('Consumer Electronics', 'Portable Audio & Headphones', 10),
('Consumer Electronics', 'TV, Video & Home Audio', 10),
('Consumer Electronics', 'Vehicle Electronics & GPS', 10),
('Consumer Electronics', 'Home Automation', 10),
('Consumer Electronics', 'Home Surveillance', 10),
('Consumer Electronics', 'Home Telephones', 10),
('Consumer Electronics', 'Multipurpose Batteries & Power', 10),
('Consumer Electronics', 'Radio Communication', 10),
('Consumer Electronics', 'Gadgets & Other Electronics', 10),
('Consumer Electronics', 'Professionals & Services', 10),
('Consumer Electronics', 'Wholesale Lots', 10),
('Craft', 'Art Supplies', 11),
('Craft', 'Beads & Jewelry Making', 11),
('Craft', 'Glass & Mosaics', 11),
('Craft', 'Handcrafted & Finished Pieces', 11),
('Craft', 'Home Arts & Crafts', 11),
('Craft', 'Kids'' Crafts', 11),
('Craft', 'Multi-Purpose Craft Supplies', 11),
('Craft', 'Needlecrafts & Yarn', 11),
('Craft', 'Scrapbooking & Paper Crafts', 11),
('Craft', 'Sewing & Fabric', 11),
('Craft', 'Dolls & Bears', 11),
('Craft', 'Stamping & Embossing', 11),
('Craft', 'Other Crafts', 11),
('Craft', 'Wholesale Lots', 11),
('DVDs & Movies', 'DVDs & Blu-ray Discs', 12),
('DVDs & Movies', 'Film Stock', 12),
('DVDs & Movies', 'Laserdiscs', 12),
('DVDs & Movies', 'UMDs', 12),
('DVDs & Movies', 'VHS Tapes', 12),
('DVDs & Movies', 'Other Formats', 12),
('DVDs & Movies', 'Storage & Media Accessories', 12),
('DVDs & Movies', 'Wholesale Lots', 12),
('Health & Beauty', 'Bath & Body', 13),
('Health & Beauty', 'Professionals & Services', 13),
('Health & Beauty', 'Dietary Supplements, Nutrition', 13),
('Health & Beauty', 'Fragrances', 13),
('Health & Beauty', 'Hair Care & Salon', 13),
('Health & Beauty', 'Health Care', 13),
('Health & Beauty', 'Makeup', 13),
('Health & Beauty', 'Massage', 13),
('Health & Beauty', 'Medical, Mobility & Disability', 13),
('Health & Beauty', 'Nail Care & Polish', 13),
('Health & Beauty', 'Natural & Homeopathic Remedies', 13),
('Health & Beauty', 'Oral Care', 13),
('Health & Beauty', 'Over-the-Counter Medicine', 13),
('Health & Beauty', 'Shaving & Hair Removal', 13),
('Health & Beauty', 'Skin Care', 13),
('Health & Beauty', 'Tanning Beds & Lamps', 13),
('Health & Beauty', 'Tattoos & Body Art', 13),
('Health & Beauty', 'Vision Care', 13),
('Health & Beauty', 'Weight Management', 13),
('Health & Beauty', 'Wholesale Lots', 13),
('Health & Beauty', 'Other', 13),
('Home & Garden', 'Bath', 14),
('Home & Garden', 'Bedding', 14),
('Home & Garden', 'Food & Beverages', 14),
('Home & Garden', 'Furniture', 14),
('Home & Garden', 'Holidays, Cards & Party Supply', 14),
('Home & Garden', 'Home Decor', 14),
('Home & Garden', 'Home Improvement', 14),
('Home & Garden', 'Housekeeping & Organization', 14),
('Home & Garden', 'Kids & Teens at Home', 14),
('Home & Garden', 'Kitchen, Dining & Bar', 14),
('Home & Garden', 'Lamps, Lighting & Ceiling Fans', 14),
('Home & Garden', 'Major Appliances', 14),
('Home & Garden', 'Rugs & Carpets', 14),
('Home & Garden', 'Tools', 14),
('Home & Garden', 'Window Treatments & Hardware', 14),
('Home & Garden', 'Yard, Garden & Outdoor Living', 14),
('Home & Garden', 'Wholesale Lots', 14),
('Home & Garden', 'Other', 14),
('Jewelry & Watches', 'Children''s Jewelry', 15),
('Jewelry & Watches', 'Engagement & Wedding', 15),
('Jewelry & Watches', 'Ethnic, Regional & Tribal', 15),
('Jewelry & Watches', 'Fashion Jewelry', 15),
('Jewelry & Watches', 'Fine Jewelry', 15),
('Jewelry & Watches', 'Handcrafted, Artisan Jewelry', 15),
('Jewelry & Watches', 'Jewelry Boxes & Organizers', 15),
('Jewelry & Watches', 'Jewelry Design & Repair', 15),
('Jewelry & Watches', 'Loose Beads', 15),
('Jewelry & Watches', 'Loose Diamonds & Gemstones', 15),
('Jewelry & Watches', 'Men''s Jewelry', 15),
('Jewelry & Watches', 'Professionals & Services', 15),
('Jewelry & Watches', 'Watches', 15),
('Jewelry & Watches', 'Other', 15),
('Jewelry & Watches', 'Wholesale Lots', 15),
('Music', 'Groups & Bands', 16),
('Music', 'CDs', 16),
('Music', 'Records', 16),
('Music', 'Other Formats', 16),
('Music', 'Storage & Media Accessories', 16),
('Music', 'Wholesale Lots', 16),
('Musical Instruments & Gear', 'Accordion & Concertina', 17),
('Musical Instruments & Gear', 'Brass', 17),
('Musical Instruments & Gear', 'Electronic Instruments', 17),
('Musical Instruments & Gear', 'Equipment', 17),
('Musical Instruments & Gear', 'Guitar', 17),
('Musical Instruments & Gear', 'Harmonica', 17),
('Musical Instruments & Gear', 'Instruction Books, CDs & Video', 17),
('Musical Instruments & Gear', 'Karaoke Entertainment', 17),
('Musical Instruments & Gear', 'Percussion', 17),
('Musical Instruments & Gear', 'Piano & Organ', 17),
('Musical Instruments & Gear', 'Pro Audio Equipment', 17),
('Musical Instruments & Gear', 'Sheet Music & Song Books', 17),
('Musical Instruments & Gear', 'Stage Lighting & Effects', 17),
('Musical Instruments & Gear', 'String', 17),
('Musical Instruments & Gear', 'Woodwind', 17),
('Musical Instruments & Gear', 'Wholesale Lots', 17),
('Musical Instruments & Gear', 'Other', 17),
('Pet Supplies', 'Aquarium & Fish', 18),
('Pet Supplies', 'Bird Supplies', 18),
('Pet Supplies', 'Cat Supplies', 18),
('Pet Supplies', 'Dog Supplies', 18),
('Pet Supplies', 'Horse Supplies', 18),
('Pet Supplies', 'Reptile Supplies', 18),
('Pet Supplies', 'Small Animal Supplies', 18),
('Pet Supplies', 'Wholesale Lots', 18),
('Pet Supplies', 'Other', 18),
('Vehicles', 'Cars ', 19),
('Vehicles', 'SUVs', 19),
('Vehicles', 'Vans', 19),
('Vehicles', 'Trucks', 19),
('Vehicles', 'Buses', 19),
('Vehicles', 'Threewheelers', 19),
('Vehicles', 'Motorcycles', 19),
('Vehicles', 'Bicycles', 19),
('Vehicles', 'Other Vehicles & Trailers', 19),
('Vehicles', 'Boats', 19),
('Vehicles', 'Powersports', 19),
('Vehicles', 'Parts & Accessories', 19),
('Vehicles', 'Rent A Car Services', 19),
('Vehicles', 'Professionals & Services', 19),
('Vehicles', 'Other', 19),
('Wedding', 'Wedding Décor', 20),
('Wedding', 'Wedding Photographers', 20),
('Wedding', 'Bridal Dressers', 20),
('Wedding', 'Wedding out-Fits', 20),
('Wedding', 'Wedding Videographers', 20),
('Wedding', 'Wedding Stationary', 20),
('Wedding', 'Wedding Music', 20),
('Wedding', 'Wedding Reception Venues', 20),
('Wedding', 'Honeymoon Locations', 20),
('Wedding', 'Wedding Cultural Events', 20),
('Wedding', 'Beauty-SPA', 20),
('Wedding', 'Wedding Caterers', 20),
('Wedding', 'Wedding Cars', 20),
('Wedding', 'Mehandi designs', 20),
('Wedding', 'Wedding Cake Structures', 20),
('Wedding', 'Wedding Jewelleries', 20),
('Wedding', 'Professionals & Services', 20),
('Wedding', 'Other', 20);

-- --------------------------------------------------------

--
-- Table structure for table `temp1`
--

CREATE TABLE IF NOT EXISTS `temp1` (
  `dist_name` varchar(255) DEFAULT NULL,
  `area_name` varchar(255) DEFAULT NULL,
  `dist_id` int(11) DEFAULT NULL
) ENGINE=InnoDB DEFAULT CHARSET=latin1;

--
-- Dumping data for table `temp1`
--

INSERT INTO `temp1` (`dist_name`, `area_name`, `dist_id`) VALUES
(' Ampara', ' Dehiattakandiya', 1),
(' Ampara', ' Padiyathalawa', 1),
(' Ampara', ' Mahaoya', 1),
(' Ampara', ' Uhana', 1),
(' Ampara', ' Ampara', 1),
(' Ampara', ' Navithanveli', 1),
(' Ampara', ' Sammanthurai', 1),
(' Ampara', ' Kalmunai Tamil Division', 1),
(' Ampara', ' Kalmunai', 1),
(' Ampara', ' Sainthamarathu', 1),
(' Ampara', ' Karaitheevu', 1),
(' Ampara', ' Ninthavur', 1),
(' Ampara', ' Addalaichchenai', 1),
(' Ampara', ' Irakkamam', 1),
(' Ampara', ' Akkaraipattu', 1),
(' Ampara', ' Alayadiwembu', 1),
(' Ampara', ' Damana', 1),
(' Ampara', ' Thirukkovil', 1),
(' Ampara', ' Pottuvil', 1),
(' Ampara', ' Lahugala', 1),
(' Anuradhapura', ' Padaviya', 2),
(' Anuradhapura', ' Kebithigollewa', 2),
(' Anuradhapura', ' Medawachchiya', 2),
(' Anuradhapura', ' Mahawilachchiya', 2),
(' Anuradhapura', ' Nuwaragam Palatha Central', 2),
(' Anuradhapura', ' Rambewa', 2),
(' Anuradhapura', ' Kahatagasdigiliya', 2),
(' Anuradhapura', ' Horowpothana', 2),
(' Anuradhapura', ' Galenbindunuwewa', 2),
(' Anuradhapura', ' Mihinthale', 2),
(' Anuradhapura', ' Nuwaragam Palatha East', 2),
(' Anuradhapura', ' Nachchaduwa', 2),
(' Anuradhapura', ' Nochchiyagama', 2),
(' Anuradhapura', ' Rajanganaya', 2),
(' Anuradhapura', ' Thambuttegama', 2),
(' Anuradhapura', ' Thalawa', 2),
(' Anuradhapura', ' Thirappane', 2),
(' Anuradhapura', ' Kekirawa', 2),
(' Anuradhapura', ' Palugaswewa', 2),
(' Anuradhapura', ' Ipalogama', 2),
(' Anuradhapura', ' Galnewa', 2),
(' Anuradhapura', ' Palagala', 2),
(' Badulla', ' Mahiyanganaya', 3),
(' Badulla', ' Rideemaliyadda', 3),
(' Badulla', ' Meegahakivula', 3),
(' Badulla', ' Kandaketiya', 3),
(' Badulla', ' Soranathota', 3),
(' Badulla', ' Passara', 3),
(' Badulla', ' Lunugala', 3),
(' Badulla', ' Badulla', 3),
(' Badulla', ' Hali-Ela', 3),
(' Badulla', ' Uva Paranagama', 3),
(' Badulla', ' Welimada', 3),
(' Badulla', ' Bandarawela', 3),
(' Badulla', ' Ella', 3),
(' Badulla', ' Haputale', 3),
(' Badulla', ' Haldummulla', 3),
(' Batticaloa', ' Koralai Pattu North (Vaharai)', 4),
(' Batticaloa', ' Koralai Pattu Central', 4),
(' Batticaloa', ' Koralai Pattu West (Oddamavadi)', 4),
(' Batticaloa', ' Koralai Pattu (Valachchenai)', 4),
(' Batticaloa', ' Koralai Pattu South (Kiran)', 4),
(' Batticaloa', ' Eravur Pattu', 4),
(' Batticaloa', ' Eravur Town', 4),
(' Batticaloa', ' Manmunai North', 4),
(' Batticaloa', ' Manmunai West', 4),
(' Batticaloa', ' Kattankudy', 4),
(' Batticaloa', ' Manmunai Pattu (Araipattai)', 4),
(' Batticaloa', ' Manmunai South-West', 4),
(' Batticaloa', ' Poratheevu Pattu', 4),
(' Batticaloa', ' Manmunai South & Eruvil Pattu', 4),
(' Colombo', ' Colombo', 5),
(' Colombo', ' Kolonnawa', 5),
(' Colombo', ' Kaduwela', 5),
(' Colombo', ' Homagama', 5),
(' Colombo', ' Seethawaka', 5),
(' Colombo', ' Padukka', 5),
(' Colombo', ' Maharagama', 5),
(' Colombo', ' Sri Jayawardanapura Kotte', 5),
(' Colombo', ' Thimbirigasyaya', 5),
(' Colombo', ' Dehiwala', 5),
(' Colombo', ' Rathmalana', 5),
(' Colombo', ' Moratuwa', 5),
(' Colombo', ' Kesbewa', 5),
(' Galle', ' Benthota', 6),
(' Galle', ' Balapitiya', 6),
(' Galle', ' Karandeniya', 6),
(' Galle', ' Elpitiya', 6),
(' Galle', ' Niyagama', 6),
(' Galle', ' Thawalama', 6),
(' Galle', ' Neluwa', 6),
(' Galle', ' Nagoda', 6),
(' Galle', ' Baddegama', 6),
(' Galle', ' Welivitiya-Divithura', 6),
(' Galle', ' Ambalangoda', 6),
(' Galle', ' Gonapeenuwala', 6),
(' Galle', ' Hikkaduwa', 6),
(' Galle', ' Galle Four Gravets', 6),
(' Galle', ' Bope-Poddala', 6),
(' Galle', ' Akmeemana', 6),
(' Galle', ' Yakkalamulla', 6),
(' Galle', ' Imaduwa', 6),
(' Galle', ' Habaraduwa', 6),
(' Gampaha', ' Negombo', 7),
(' Gampaha', ' Katana', 7),
(' Gampaha', ' Divulapitiya', 7),
(' Gampaha', ' Mirigama', 7),
(' Gampaha', ' Minuwangoda', 7),
(' Gampaha', ' Wattala', 7),
(' Gampaha', ' Ja-Ela', 7),
(' Gampaha', ' Gampaha', 7),
(' Gampaha', ' Attanagalla', 7),
(' Gampaha', ' Dompe', 7),
(' Gampaha', ' Mahara', 7),
(' Gampaha', ' Kelaniya', 7),
(' Gampaha', ' Biyagama', 7),
(' Hambantota ', ' Sooriyawewa', 8),
(' Hambantota ', ' Lunugamvehera', 8),
(' Hambantota ', ' Thissamaharama', 8),
(' Hambantota ', ' Hambantota', 8),
(' Hambantota ', ' Ambalantota', 8),
(' Hambantota ', ' Angunakolapelessa', 8),
(' Hambantota ', ' Weeraketiya', 8),
(' Hambantota ', ' Katuwana', 8),
(' Hambantota ', ' Walasmulla', 8),
(' Hambantota ', ' Okewela', 8),
(' Hambantota ', ' Beliatta', 8),
(' Hambantota ', ' Tangalle', 8),
(' Jaffna', ' Island North (Kayts)', 9),
(' Jaffna', ' Karainagar', 9),
(' Jaffna', ' Valikamam West (Chankanai)', 9),
(' Jaffna', ' Valikamam South-West (Sandilipay)', 9),
(' Jaffna', ' Valikamam North', 9),
(' Jaffna', ' Valikamam South (Uduvil)', 9),
(' Jaffna', ' Valikamam East (Kopay)', 9),
(' Jaffna', ' Vadamarachchy South-West (Karaveddy)', 9),
(' Jaffna', ' Vadamarachchy East', 9),
(' Jaffna', ' Vadamarachchy North (Point Pedro)', 9),
(' Jaffna', ' Thenmarachchy (Chavakachcheri)', 9),
(' Jaffna', ' Nallur', 9),
(' Jaffna', ' Jaffna', 9),
(' Jaffna', ' Island South (Velanai)', 9),
(' Jaffna', ' Delft', 9),
(' Kalutara', ' Panadura', 10),
(' Kalutara', ' Bandaragama', 10),
(' Kalutara', ' Horana', 10),
(' Kalutara', ' Ingiriya', 10),
(' Kalutara', ' Bulathsinhala', 10),
(' Kalutara', ' Madurawala', 10),
(' Kalutara', ' Millaniya', 10),
(' Kalutara', ' Kalutara', 10),
(' Kalutara', ' Beruwala', 10),
(' Kalutara', ' Dodangoda', 10),
(' Kalutara', ' Mathugama', 10),
(' Kalutara', ' Agalawatta', 10),
(' Kalutara', ' Palindanuwara', 10),
(' Kalutara', ' Walallavita', 10),
(' Kandy', ' Thumpane', 11),
(' Kandy', ' Pujapitiya', 11),
(' Kandy', ' Akurana', 11),
(' Kandy', ' Pathadumbara', 11),
(' Kandy', ' Panvila', 11),
(' Kandy', ' Udadumbara', 11),
(' Kandy', ' Minipe', 11),
(' Kandy', ' Medadumbara', 11),
(' Kandy', ' Kundasale', 11),
(' Kandy', ' Kandy Four Gravets & Gangawata Korale', 11),
(' Kandy', ' Harispattuwa', 11),
(' Kandy', ' Hatharaliyadda', 11),
(' Kandy', ' Yatinuwara', 11),
(' Kandy', ' Udunuwara', 11),
(' Kandy', ' Doluwa', 11),
(' Kandy', ' Pathahewaheta', 11),
(' Kandy', ' Delthota', 11),
(' Kandy', ' Udapalatha', 11),
(' Kandy', ' Ganga Ihala Korale', 11),
(' Kandy', ' Pasbage Korale', 11),
(' Kegalle', ' Rambukkana', 12),
(' Kegalle', ' Mawanella', 12),
(' Kegalle', ' Aranayaka', 12),
(' Kegalle', ' Kegalle', 12),
(' Kegalle', ' Galigamuwa', 12),
(' Kegalle', ' Warakapola', 12),
(' Kegalle', ' Ruwanwella', 12),
(' Kegalle', ' Bulathkohupitiya', 12),
(' Kegalle', ' Yatiyanthota', 12),
(' Kegalle', ' Dehiovita', 12),
(' Kegalle', ' Deraniyagala', 12),
(' Killinochchi', ' Pachchilaipalli', 13),
(' Killinochchi', ' Kandavalai', 13),
(' Killinochchi', ' Karachchi', 13),
(' Killinochchi', ' Poonakary', 13),
(' Kurunegala', ' Giribawa', 14),
(' Kurunegala', ' Galgamuwa', 14),
(' Kurunegala', ' Ehetuwewa', 14),
(' Kurunegala', ' Ambanpola', 14),
(' Kurunegala', ' Kotavehera', 14),
(' Kurunegala', ' Rasnayakapura', 14),
(' Kurunegala', ' Nikaweratiya', 14),
(' Kurunegala', ' Maho', 14),
(' Kurunegala', ' Polpithigama', 14),
(' Kurunegala', ' Ibbagamuwa', 14),
(' Kurunegala', ' Ganewatta', 14),
(' Kurunegala', ' Wariyapola', 14),
(' Kurunegala', ' Kobeigane', 14),
(' Kurunegala', ' Bingiriya', 14),
(' Kurunegala', ' Panduwasnuwara West', 14),
(' Kurunegala', ' Panduwasnuwara East', 14),
(' Kurunegala', ' Bamunakotuwa', 14),
(' Kurunegala', ' Maspotha', 14),
(' Kurunegala', ' Kurunegala', 14),
(' Kurunegala', ' Mallawapitiya', 14),
(' Kurunegala', ' Mawathagama', 14),
(' Kurunegala', ' Ridigama', 14),
(' Kurunegala', ' Weerambugedara', 14),
(' Kurunegala', ' Kuliyapitiya East', 14),
(' Kurunegala', ' Kuliyapitiya West', 14),
(' Kurunegala', ' Udubaddawa', 14),
(' Kurunegala', ' Pannala', 14),
(' Kurunegala', ' Narammala', 14),
(' Kurunegala', ' Alawwa', 14),
(' Kurunegala', ' Polgahawela', 14),
(' Mannar', ' Mannar Town', 15),
(' Mannar', ' Manthai West', 15),
(' Mannar', ' Madhu', 15),
(' Mannar', ' Nanaddan', 15),
(' Mannar', ' Musali', 15),
(' Matale', ' Galewela', 16),
(' Matale', ' Dambulla', 16),
(' Matale', ' Naula', 16),
(' Matale', ' Pallepola', 16),
(' Matale', ' Yatawatta', 16),
(' Matale', ' Matale', 16),
(' Matale', ' Ambanganga Korale', 16),
(' Matale', ' Laggala-Pallegama', 16),
(' Matale', ' Wilgamuwa', 16),
(' Matale', ' Rattota', 16),
(' Matale', ' Ukuwela', 16),
(' Matara', ' Pitabeddara', 17),
(' Matara', ' Kotapola', 17),
(' Matara', ' Pasgoda', 17),
(' Matara', ' Mulatiyana', 17),
(' Matara', ' Athuraliya', 17),
(' Matara', ' Akuressa', 17),
(' Matara', ' Welipitiya', 17),
(' Matara', ' Malimbada', 17),
(' Matara', ' Kamburupitiya', 17),
(' Matara', ' Hakmana', 17),
(' Matara', ' Kirinda Puhulwella', 17),
(' Matara', ' Thihagoda', 17),
(' Matara', ' Weligama', 17),
(' Matara', ' Matara Four Gravets', 17),
(' Matara', ' Devinuwara', 17),
(' Matara', ' Dickwella', 17),
(' Moneragala', ' Bibile', 18),
(' Moneragala', ' Madulla', 18),
(' Moneragala', ' Medagama', 18),
(' Moneragala', ' Siyambalanduwa', 18),
(' Moneragala', ' Moneragala', 18),
(' Moneragala', ' Badalkumbura', 18),
(' Moneragala', ' Wellawaya', 18),
(' Moneragala', ' Buttala', 18),
(' Moneragala', ' Katharagama', 18),
(' Moneragala', ' Thanamalvila', 18),
(' Moneragala', ' Sevanagala', 18),
(' Mullaitivu', ' Thunukkai', 19),
(' Mullaitivu', ' Manthai East', 19),
(' Mullaitivu', ' Puthukudiyiruppu', 19),
(' Mullaitivu', ' Oddusuddan', 19),
(' Mullaitivu', ' Maritimepattu', 19),
(' Mullaitivu', ' Welioya', 19),
(' Nuwara Eliya', ' Kothmale', 20),
(' Nuwara Eliya', ' Hanguranketha', 20),
(' Nuwara Eliya', ' Walapane', 20),
(' Nuwara Eliya', ' Nuwara Eliya', 20),
(' Nuwara Eliya', ' Ambagamuwa', 20),
(' Polonnaruwa', ' Hingurakgoda', 21),
(' Polonnaruwa', ' Medirigiriya', 21),
(' Polonnaruwa', ' Lankapura', 21),
(' Polonnaruwa', ' Welikanda', 21),
(' Polonnaruwa', ' Dimbulagala', 21),
(' Polonnaruwa', ' Thamankaduwa', 21),
(' Polonnaruwa', ' Elahera', 21),
(' Puttalam', ' Kalpitiya', 22),
(' Puttalam', ' Wanathavilluwa', 22),
(' Puttalam', ' Karuwalagaswewa', 22),
(' Puttalam', ' Nawagattegama', 22),
(' Puttalam', ' Puttalam', 22),
(' Puttalam', ' Mundal', 22),
(' Puttalam', ' Mahakumbukkadawala', 22),
(' Puttalam', ' Anamaduwa', 22),
(' Puttalam', ' Pallama', 22),
(' Puttalam', ' Arachchikattuwa', 22),
(' Puttalam', ' Chilaw', 22),
(' Puttalam', ' Madampe', 22),
(' Puttalam', ' Mahawewa', 22),
(' Puttalam', ' Nattandiya', 22),
(' Puttalam', ' Wennappuwa', 22),
(' Puttalam', ' Dankotuwa', 22),
(' Ratnapura', ' Eheliyagoda', 23),
(' Ratnapura', ' Kuruvita', 23),
(' Ratnapura', ' Kiriella', 23),
(' Ratnapura', ' Ratnapura', 23),
(' Ratnapura', ' Imbulpe', 23),
(' Ratnapura', ' Balangoda', 23),
(' Ratnapura', ' Opanayake', 23),
(' Ratnapura', ' Pelmadulla', 23),
(' Ratnapura', ' Elapatha', 23),
(' Ratnapura', ' Ayagama', 23),
(' Ratnapura', ' Kalawana', 23),
(' Ratnapura', ' Nivithigala', 23),
(' Ratnapura', ' Kahawatta', 23),
(' Ratnapura', ' Godakawela', 23),
(' Ratnapura', ' Weligepola', 23),
(' Ratnapura', ' Embilipitiya', 23),
(' Ratnapura', ' Kolonna', 23),
(' Trincomalee', ' Padavi Sri Pura', 24),
(' Trincomalee', ' Kuchchaveli', 24),
(' Trincomalee', ' Gomarankadawala', 24),
(' Trincomalee', ' Morawewa', 24),
(' Trincomalee', ' Trincomalee Town and Gravets', 24),
(' Trincomalee', ' Thambalagamuwa', 24),
(' Trincomalee', ' Kanthale', 24),
(' Trincomalee', ' Kinniya', 24),
(' Trincomalee', ' Muttur', 24),
(' Trincomalee', ' Seruvila', 24),
(' Trincomalee', ' Verugal Eachchalampattu', 24),
(' Vavuniya', ' Vavuniya North', 25),
(' Vavuniya', ' Vavuniya South', 25),
(' Vavuniya', ' Vavuniya', 25),
(' Vavuniya', ' Vengalacheddikulam', 25);

-- --------------------------------------------------------

--
-- Table structure for table `temp_adv`
--

CREATE TABLE IF NOT EXISTS `temp_adv` (
  `adv_id` int(6) unsigned zerofill NOT NULL AUTO_INCREMENT,
  `adv_title` varchar(255) NOT NULL,
  `adv_price` double(10,2) NOT NULL,
  `adv_catagory` varchar(50) NOT NULL,
  `adv_img_tmp` varchar(255) NOT NULL,
  `adv_img_path` varchar(255) NOT NULL,
  `adv_img_url` varchar(255) NOT NULL,
  `adv_short_desc` varchar(255) NOT NULL,
  `adv_long_desc` varchar(255) NOT NULL,
  `adv_sub_date` datetime NOT NULL,
  `adv_exp_date` datetime NOT NULL,
  `adv_extensions` int(11) NOT NULL COMMENT 'number of extensions requested. One extension is for two weeks',
  `adv_status` set('Failed','Email Sent','Confirmed','Activated','Expired','Disabled') NOT NULL,
  `pub_name` varchar(255) NOT NULL,
  `pub_email` varchar(255) NOT NULL,
  `pub_phone` varchar(255) NOT NULL,
  `pub_phone_state` varchar(255) NOT NULL,
  `pub_district` varchar(255) NOT NULL,
  `pub_city` varchar(255) NOT NULL,
  `conf_key` varchar(255) NOT NULL,
  `del_key` varchar(255) NOT NULL,
  `upd_key` varchar(255) NOT NULL,
  PRIMARY KEY (`adv_id`)
) ENGINE=InnoDB  DEFAULT CHARSET=latin1 AUTO_INCREMENT=25 ;

--
-- Dumping data for table `temp_adv`
--

INSERT INTO `temp_adv` (`adv_id`, `adv_title`, `adv_price`, `adv_catagory`, `adv_img_tmp`, `adv_img_path`, `adv_img_url`, `adv_short_desc`, `adv_long_desc`, `adv_sub_date`, `adv_exp_date`, `adv_extensions`, `adv_status`, `pub_name`, `pub_email`, `pub_phone`, `pub_phone_state`, `pub_district`, `pub_city`, `conf_key`, `del_key`, `upd_key`) VALUES
(000020, 'Toyota corolla CE100 for sale', 30000.00, '', '521517', '', '', ',Short Description 1', 'Full description about the advertisement', '2013-12-31 11:27:28', '2013-03-24 11:27:28', 0, 'Failed', 'chamilka', 'chamilka.jayarathna@gmail.com', '0779890166', 'n', 'Kegalle', 'Mawanella', 'f96bf437f44c3fd4b8a102d10f1e96d0', '20f2293dd67421fdea57bba9190d08b0', '7ed1d7cc1503745487cdaa2c2a368132'),
(000021, 'bla bla', 265000.00, '', '831826', '', '', ',sfsgfh hfhj jgjg ,sfdhgj hkhkhkh', 'sdgfvj  tugkh  yryg,n  gtjy  ', '2013-03-10 15:32:14', '2013-03-24 15:32:14', 0, 'Email Sent', 'afsgfdg ljljl', 'adsf@dgdg.com', '0112123456', 'n', 'gjkfdsgj;dflsjgfskljsdklgjsdklf', 'hambanthota', '04991e1b6d307e9333902d079841e11d', '536925b0532459a5cee8bdc99f986c34', '0bee7bc3a0214c358392134f61081085'),
(000022, 'Test3', 25000.00, '0', '971655', '', '', ',New,HD display 10"', 'This is a brand new item. ', '2013-04-13 07:40:05', '0000-00-00 00:00:00', 0, 'Email Sent', 'Chamilka', 'chamilka.jayarathna@gmail.com', '0779890166', 'n', 'Kegalle', '', 'a15bc5832ad7c16e8f5e0cddfc4bfcc0', 'f36c97d189643bb276c33ed2b810e605', '633185bd4f074bfeb06f1c513b0e1ce8'),
(000023, 'Test3', 25000.00, '0', '971655', '', '', ',New,HD display 10"', 'This is a brand new item. ', '2013-04-13 07:41:02', '0000-00-00 00:00:00', 0, '', 'Chamilka', 'chamilka.jayarathna@gmail.com', '0779890166', 'n', 'Kegalle', '', '7883dcec44806bf7c83f64e4aeea5efe', '04079c08194612298d8a6e3fad5bfd2f', 'dca5ef379cf50a20ddcd147197be417e'),
(000024, 'test', 30000.00, '', '652447', '', '', ',test', '', '2013-05-10 08:22:58', '0000-00-00 00:00:00', 0, 'Email Sent', 'chamilka', 'chamilka.jayarathna@gmail.com', '', '0', '0', '', 'd544c68e2dcd7299a6166ff1c0535988', '271f0a6ba3f147ed706e76b48a3c2cdd', '4fe6887071fc0bf9e3467706617e1a66');

-- --------------------------------------------------------

--
-- Table structure for table `user`
--

CREATE TABLE IF NOT EXISTS `user` (
  `user_id` int(11) NOT NULL AUTO_INCREMENT,
  `username` varchar(50) NOT NULL,
  `password` varchar(255) NOT NULL,
  `status` set('admin','user','disabled') NOT NULL,
  PRIMARY KEY (`user_id`)
) ENGINE=InnoDB  DEFAULT CHARSET=latin1 AUTO_INCREMENT=2 ;

--
-- Dumping data for table `user`
--

INSERT INTO `user` (`user_id`, `username`, `password`, `status`) VALUES
(1, 'chamilka', 'e99a18c428cb38d5f260853678922e03', 'admin');

-- --------------------------------------------------------

--
-- Table structure for table `vehicle`
--

CREATE TABLE IF NOT EXISTS `vehicle` (
  `id` int(11) NOT NULL AUTO_INCREMENT,
  `vehicle_type` varchar(50) NOT NULL,
  `make` varchar(255) NOT NULL,
  `model` varchar(255) NOT NULL,
  `model2` varchar(255) NOT NULL,
  `category` varchar(255) NOT NULL,
  `milage` int(11) NOT NULL,
  `engine_capacity` int(11) NOT NULL,
  `fuel_type` varchar(255) NOT NULL,
  `transmission` set('Automatic','Manual') NOT NULL,
  `manu_year` varchar(255) NOT NULL,
  `body_type` varchar(255) NOT NULL,
  `num_passengers` int(11) NOT NULL,
  PRIMARY KEY (`id`)
) ENGINE=InnoDB DEFAULT CHARSET=latin1 AUTO_INCREMENT=1 ;

--
-- Dumping data for table `vehicle`
--

